"junit.textui.ResultPrinter:printErrors","junit.textui.ResultPrinter:printDefects"
"org.junit.runner.Description:isTest","org.junit.runner.Description:getChildren"
"junit.textui.TestRunner:pause","junit.textui.ResultPrinter:printWaitPrompt"
"junit.framework.JUnit4TestAdapterCache:createTest","junit.framework.TestSuite:addTest"
"org.junit.internal.requests.SortingRequest:getRunner","org.junit.runner.Request:getRunner"
"junit.extensions.ActiveTestSuite:waitUntilFinished","junit.extensions.ActiveTestSuite:testCount"
"junit.textui.ResultPrinter:printErrors","junit.framework.TestResult:errors"
"org.junit.runner.JUnitCore:runMain","org.junit.runner.JUnitCore:run"
"junit.framework.JUnit4TestCaseFacade:toString","junit.framework.JUnit4TestCaseFacade:getDescription"
"org.junit.internal.requests.FilterRequest:getRunner","org.junit.runner.Request:getRunner"
"junit.framework.JUnit4TestAdapterCache:asTest","org.junit.runner.Description:isSuite"
"junit.framework.TestFailure:isFailure","junit.framework.TestFailure:thrownException"
"junit.framework.TestResult:runProtected","junit.framework.TestResult:addError"
"junit.framework.TestSuite:addTestMethod","junit.framework.TestSuite:addTest"
"org.junit.runner.JUnitCore:addListener","org.junit.runner.notification.RunNotifier:addListener"
"org.junit.runner.Description:hashCode","org.junit.runner.Description:getDisplayName"
"org.junit.runner.JUnitCore:run","org.junit.runner.notification.RunNotifier:fireTestRunStarted"
"junit.runner.BaseTestRunner:processArguments","junit.runner.BaseTestRunner:setLoading"
"junit.textui.TestRunner:start","junit.textui.TestRunner:doRun"
"junit.framework.TestFailure:exceptionMessage","junit.framework.TestFailure:thrownException"
"junit.framework.TestSuite:addTestSuite","junit.framework.TestSuite:addTest"
"junit.framework.TestSuite:run","junit.framework.TestSuite:runTest"
"junit.framework.JUnit4TestAdapterCache:asTest","junit.framework.JUnit4TestAdapterCache:get"
"junit.runner.BaseTestRunner:startTest","junit.runner.BaseTestRunner:testStarted"
"junit.framework.JUnit4TestAdapter:getDescription","org.junit.runner.Runner:getDescription"
"junit.textui.TestRunner:runSingleMethod","junit.textui.TestRunner:doRun"
"junit.framework.JUnit4TestAdapterCache:asTest","junit.framework.JUnit4TestAdapterCache:containsKey"
"org.junit.runner.Description:equals","org.junit.runner.Description:getDisplayName"
"junit.framework.ComparisonFailure:getMessage","junit.framework.ComparisonCompactor:compact"
"junit.framework.TestCase:runBare","junit.framework.TestCase:runTest"
"junit.textui.ResultPrinter:printFailures","junit.framework.TestResult:failureCount"
"junit.textui.TestRunner:runAndWait","junit.textui.TestRunner:doRun"
"org.junit.runner.Description:testCount","org.junit.runner.Description:isTest"
"junit.textui.ResultPrinter:print","junit.textui.ResultPrinter:printHeader"
"org.junit.runner.JUnitCore:run","org.junit.runner.Result:createListener"
"junit.framework.JUnit4TestAdapter:run","org.junit.runner.Runner:run"
"junit.framework.JUnit4TestAdapterCache:asTest","junit.framework.JUnit4TestAdapterCache:createTest"
"junit.framework.JUnit4TestAdapter:getTests","junit.framework.JUnit4TestAdapter:getDescription"
"junit.textui.TestRunner:main","junit.textui.TestRunner:start"
"org.junit.runner.notification.Failure:getTestHeader","org.junit.runner.Description:getDisplayName"
"junit.framework.JUnit4TestAdapterCache:createTest","org.junit.runner.Description:getDisplayName"
"junit.framework.TestSuite:run","junit.framework.TestResult:shouldStop"
"junit.framework.JUnit4TestAdapterCache:asTestList","org.junit.runner.Description:isTest"
"org.junit.runner.Runner:testCount","org.junit.runner.Description:testCount"
"junit.framework.JUnit4TestAdapterCache:createTest","org.junit.runner.Description:isTest"
"junit.framework.TestResult:runProtected","junit.framework.TestResult:addFailure"
"junit.textui.TestRunner:doRun","junit.textui.ResultPrinter:print"
"org.junit.runner.Runner:testCount","org.junit.runner.Runner:getDescription"
"org.junit.Assert:internalArrayEquals","org.junit.internal.ArrayComparisonFailure:addDimension"
"junit.textui.ResultPrinter:printDefects","junit.textui.ResultPrinter:getWriter"
"org.junit.runner.notification.Failure:getTrace","org.junit.runner.notification.Failure:getException"
"junit.textui.ResultPrinter:print","junit.textui.ResultPrinter:printErrors"
"junit.extensions.ActiveTestSuite:run","junit.extensions.ActiveTestSuite:waitUntilFinished"
"junit.framework.TestFailure:trace","junit.framework.TestFailure:thrownException"
"junit.textui.ResultPrinter:printHeader","junit.textui.ResultPrinter:elapsedTimeAsString"
"junit.textui.ResultPrinter:printDefects","junit.textui.ResultPrinter:printDefect"
"org.junit.runner.JUnitCore:runClasses","org.junit.runner.JUnitCore:run"
"junit.framework.TestResult:run","junit.framework.TestResult:startTest"
"junit.framework.TestResult:wasSuccessful","junit.framework.TestResult:failureCount"
"junit.extensions.TestDecorator:run","junit.extensions.TestDecorator:basicRun"
"org.junit.runner.JUnitCore:run","org.junit.runner.Runner:getDescription"
"junit.framework.TestResult:wasSuccessful","junit.framework.TestResult:errorCount"
"junit.framework.TestSuite:createTest","junit.framework.TestCase:setName"
"junit.runner.BaseTestRunner:addFailure","junit.runner.BaseTestRunner:testFailed"
"junit.textui.ResultPrinter:printWaitPrompt","junit.textui.ResultPrinter:getWriter"
"junit.textui.ResultPrinter:printDefectHeader","junit.framework.TestFailure:failedTest"
"junit.textui.ResultPrinter:printErrors","junit.framework.TestResult:errorCount"
"junit.textui.ResultPrinter:printFooter","junit.framework.TestResult:wasSuccessful"
"junit.textui.ResultPrinter:startTest","junit.textui.ResultPrinter:getWriter"
"org.junit.internal.ArrayComparisonFailure:toString","org.junit.internal.ArrayComparisonFailure:getMessage"
"junit.framework.TestCase:toString","junit.framework.TestCase:getName"
"org.junit.runner.Description:isSuite","org.junit.runner.Description:isTest"
"org.junit.runner.notification.Failure:getMessage","org.junit.runner.notification.Failure:getException"
"junit.textui.ResultPrinter:print","junit.textui.ResultPrinter:printFooter"
"junit.textui.ResultPrinter:addError","junit.textui.ResultPrinter:getWriter"
"junit.textui.TestRunner:doRun","junit.textui.TestRunner:createTestResult"
"junit.framework.JUnit4TestAdapter:countTestCases","org.junit.runner.Runner:testCount"
"junit.textui.TestRunner:runSingleMethod","junit.textui.TestRunner:loadSuiteClass"
"junit.textui.ResultPrinter:print","junit.textui.ResultPrinter:printFailures"
"junit.textui.ResultPrinter:printFooter","junit.framework.TestResult:runCount"
"org.junit.runner.JUnitCore:runMain","org.junit.runner.JUnitCore:addListener"
"junit.textui.TestRunner:main","junit.framework.TestResult:wasSuccessful"
"org.junit.internal.runners.MethodValidator:validateMethodsForDefaultRunner","org.junit.internal.runners.MethodValidator:validateNoArgConstructor"
"org.junit.runner.Description:testCount","org.junit.runner.Description:getChildren"
"junit.framework.JUnit4TestAdapterCache:asTest","junit.framework.JUnit4TestAdapterCache:put"
"org.junit.runner.Description:toString","org.junit.runner.Description:getDisplayName"
"junit.framework.TestResult:run","junit.framework.TestResult:endTest"
"junit.runner.BaseTestRunner:getTest","junit.runner.BaseTestRunner:clearStatus"
"junit.textui.ResultPrinter:printFooter","junit.framework.TestResult:failureCount"
"junit.runner.BaseTestRunner:addError","junit.runner.BaseTestRunner:testFailed"
"junit.framework.JUnit4TestAdapterCache:createTest","org.junit.runner.Description:getChildren"
"org.junit.runner.Description:equals","org.junit.runner.Description:getChildren"
"junit.textui.ResultPrinter:printFooter","junit.textui.ResultPrinter:getWriter"
"junit.textui.TestRunner:doRun","junit.textui.TestRunner:pause"
"junit.framework.JUnit4TestCaseFacade:toString","org.junit.runner.Description:toString"
"org.junit.runner.JUnitCore:run","org.junit.runner.Request:getRunner"
"org.junit.runner.JUnitCore:run","org.junit.runner.Runner:run"
"org.junit.runner.JUnitCore:addFirstListener","org.junit.runner.notification.RunNotifier:addFirstListener"
"junit.textui.ResultPrinter:printDefectTrace","junit.textui.ResultPrinter:getWriter"
"junit.textui.TestRunner:run","junit.textui.TestRunner:doRun"
"junit.textui.TestRunner:start","junit.textui.TestRunner:runSingleMethod"
"junit.textui.ResultPrinter:printFailures","junit.textui.ResultPrinter:printDefects"
"junit.textui.ResultPrinter:printDefect","junit.textui.ResultPrinter:printDefectHeader"
"junit.framework.JUnit4TestAdapterCache:getNotifier","org.junit.runner.notification.RunNotifier:addListener"
"org.junit.internal.runners.MethodValidator:validateMethodsForDefaultRunner","org.junit.internal.runners.MethodValidator:validateInstanceMethods"
"org.junit.runner.JUnitCore:removeListener","org.junit.runner.notification.RunNotifier:removeListener"
"junit.extensions.TestSetup:run","junit.framework.TestResult:runProtected"
"junit.framework.JUnit4TestAdapterCache:asTestList","org.junit.runner.Description:getChildren"
"junit.runner.BaseTestRunner:getTest","junit.runner.BaseTestRunner:loadSuiteClass"
"junit.textui.TestRunner:start","junit.textui.TestRunner:getTest"
"junit.textui.ResultPrinter:addFailure","junit.textui.ResultPrinter:getWriter"
"junit.textui.ResultPrinter:printDefectHeader","junit.textui.ResultPrinter:getWriter"
"junit.framework.JUnit4TestAdapter:run","junit.framework.JUnit4TestAdapterCache:getNotifier"
"org.junit.internal.runners.MethodValidator:validateMethodsForDefaultRunner","org.junit.internal.runners.MethodValidator:validateStaticMethods"
"org.junit.runner.JUnitCore:runMain","org.junit.runner.Result:getFailures"
"junit.runner.BaseTestRunner:getTest","junit.runner.BaseTestRunner:runFailed"
"org.junit.internal.requests.SortingRequest:getRunner","org.junit.runner.manipulation.Sorter:apply"
"junit.framework.JUnit4TestAdapter:getTests","junit.framework.JUnit4TestAdapterCache:asTestList"
"junit.textui.ResultPrinter:printFailures","junit.framework.TestResult:failures"
"org.junit.internal.requests.FilterRequest:getRunner","org.junit.runner.manipulation.Filter:describe"
"org.junit.runner.notification.Failure:toString","org.junit.runner.notification.Failure:getTestHeader"
"junit.runner.BaseTestRunner:processArguments","junit.runner.BaseTestRunner:extractClassName"
"junit.runner.BaseTestRunner:endTest","junit.runner.BaseTestRunner:testEnded"
"junit.textui.ResultPrinter:printDefect","junit.textui.ResultPrinter:printDefectTrace"
"junit.framework.TestCase:runBare","junit.framework.TestCase:setUp"
"junit.framework.TestSuite:toString","junit.framework.TestSuite:getName"
"junit.textui.ResultPrinter:printFooter","junit.framework.TestResult:errorCount"
"junit.textui.ResultPrinter:printDefectTrace","junit.framework.TestFailure:trace"
"org.junit.runner.Result:wasSuccessful","org.junit.runner.Result:getFailureCount"
"junit.framework.TestCase:run","junit.framework.TestResult:run"
"org.junit.runner.Description:addChild","org.junit.runner.Description:getChildren"
"junit.framework.JUnit4TestAdapterCache:asTestList","junit.framework.JUnit4TestAdapterCache:asTest"
"junit.framework.TestResult:run","junit.framework.TestResult:runProtected"
"junit.framework.JUnit4TestAdapterCache:createTest","junit.framework.JUnit4TestAdapterCache:asTest"
"junit.framework.TestCase:runBare","junit.framework.TestCase:tearDown"
"junit.textui.ResultPrinter:printHeader","junit.textui.ResultPrinter:getWriter"
"org.junit.internal.requests.FilterRequest:getRunner","org.junit.runner.manipulation.Filter:apply"
"junit.textui.TestRunner:start","junit.textui.TestRunner:extractClassName"
"junit.extensions.RepeatedTest:run","junit.framework.TestResult:shouldStop"
"junit.textui.TestRunner:doRun","junit.framework.TestResult:addListener"
"org.junit.runner.JUnitCore:run","org.junit.runner.notification.RunNotifier:fireTestRunFinished"
"junit.framework.TestCase:run","junit.framework.TestCase:createResult"
"org.junit.runner.JUnitCore:run","org.junit.runner.JUnitCore:removeListener"
"org.junit.runner.Request:method","org.junit.runner.Request:filterWith"
"org.junit.tests.TestListenerTest:removeFailingListeners","org.junit.runner.Result:getFailures","255, 128, 128"
"org.junit.tests.UserStopTest:createNotifier","org.junit.runner.notification.RunNotifier:pleaseStop","255, 128, 128"
"org.junit.tests.AnnotationTest:testRunAllAftersRegardless","org.junit.runner.Result:getFailureCount","255, 128, 128"
"org.junit.internal.runners.TestClassMethodsRunner:run","org.junit.internal.runners.TestClassMethodsRunner:invokeTestMethod","255, 128, 128"
"org.junit.tests.TextListenerTest:testTime","org.junit.runner.JUnitCore:run","255, 128, 128"
"org.junit.samples.money.MoneyTest:testSimpleBagAdd","junit.samples.money.Money:add","255, 128, 128"
"org.junit.tests.AnnotationTest:testTeardownAfterFailure","org.junit.runner.JUnitCore:run","255, 128, 128"
"org.junit.tests.InitializationErrorForwardCompatibilityTest:generatedErrorTestsMatchUp","junit.framework.JUnit4TestAdapter:getTests","255, 128, 128"
"org.junit.internal.runners.TextListener:testRunFinished","org.junit.internal.runners.TextListener:printFailures","255, 128, 128"
"org.junit.tests.AnnotationTest:testRunFailure","org.junit.runner.Result:getFailureCount","255, 128, 128"
"org.junit.tests.InaccessibleBaseClassTest:inaccessibleBaseClassIsCaughtAtValidation","org.junit.internal.runners.MethodValidator:assertValid","255, 128, 128"
"org.junit.tests.TimeoutTest:timeoutFailure","org.junit.runner.Result:getFailures","255, 128, 128"
"org.junit.internal.runners.BeforeAndAfterRunner:runAfters","org.junit.internal.runners.BeforeAndAfterRunner:addFailure","255, 128, 128"
"org.junit.tests.AnnotationTest:testTeardownFailure","org.junit.runner.notification.Failure:getException","255, 128, 128"
"org.junit.tests.SingleMethodTest:parameterizedOneTimeSetup","org.junit.runner.Request:getRunner","255, 128, 128"
"org.junit.tests.TimeoutTest:infiniteLoop","org.junit.runner.Result:getFailureCount","255, 128, 128"
"org.junit.tests.ForwardCompatibilityTest:testUseGlobalCache","junit.framework.JUnit4TestAdapter:getTests","255, 128, 128"
"org.junit.tests.SingleMethodTest:filteringAffectsPlan","org.junit.runner.Runner:testCount","255, 128, 128"
"org.junit.tests.ForwardCompatibilityTest:testExpected","junit.framework.TestResult:wasSuccessful","255, 128, 128"
"org.junit.tests.AnnotationTest:testRunAllAfterClasses","org.junit.runner.JUnitCore:run","255, 128, 128"
"org.junit.tests.SuiteTest:suiteTestCountIsCorrect","org.junit.runner.Request:getRunner","255, 128, 128"
"org.junit.tests.AnnotationTest:testErrorInBeforeClass","org.junit.runner.Description:getDisplayName","255, 128, 128"
"org.junit.tests.EnclosedTest:enclosedRunnerIsNamedForEnclosingClass","org.junit.runner.Request:getRunner","255, 128, 128"
"org.junit.tests.ParameterizedTestTest:failuresNamedCorrectly","org.junit.runner.Result:getFailures","255, 128, 128"
"org.junit.tests.TestMethodTest:compatibility","junit.framework.JUnit4TestAdapter:run","255, 128, 128"
"org.junit.tests.TimeoutTest:failureWithTimeout","org.junit.runner.Result:getFailureCount","255, 128, 128"
"org.junit.internal.runners.OldTestClassRunner:makeDescription","junit.framework.TestSuite:getName","255, 128, 128"
"org.junit.tests.AnnotationTest:testSetup","org.junit.runner.JUnitCore:run","255, 128, 128"
"org.junit.tests.TimeoutTest:failureWithTimeoutRunTimeException","org.junit.runner.Result:getFailureCount","255, 128, 128"
"org.junit.internal.runners.TestMethodRunner:run","org.junit.runner.notification.RunNotifier:fireTestStarted","255, 128, 128"
"org.junit.tests.ListenerTest:notifyListenersInTheOrderInWhichTheyAreAdded","org.junit.runner.JUnitCore:addListener","255, 128, 128"
"org.junit.tests.PreJUnit4TestCaseRunnerTest:testListener","org.junit.runner.JUnitCore:run","255, 128, 128"
"org.junit.tests.TimeoutTest:successWithTimeout","org.junit.runner.Result:getRunCount","255, 128, 128"
"org.junit.internal.runners.TestClassMethodsRunner:getDescription","org.junit.internal.runners.TestClassMethodsRunner:methodDescription","255, 128, 128"
"org.junit.tests.AllTestsTest:correctTestCountAdapted","org.junit.runners.AllTests:testCount","255, 128, 128"
"org.junit.tests.TimeoutTest:failureWithTimeout","org.junit.runner.Result:getFailures","255, 128, 128"
"org.junit.internal.runners.CompositeRunner:filter","org.junit.runner.Runner:getDescription","255, 128, 128"
"org.junit.internal.runners.TestMethodRunner:addFailure","org.junit.runner.notification.RunNotifier:fireTestFailure","255, 128, 128"
"org.junit.runner.notification.RunNotifier:testAborted","org.junit.runner.notification.RunNotifier:fireTestFailure","255, 128, 128"
"org.junit.tests.AnnotationTest:testOneTimeSetup","org.junit.runner.JUnitCore:run","255, 128, 128"
"org.junit.tests.ExpectedTest:expected","org.junit.runner.Result:wasSuccessful","255, 128, 128"
"org.junit.tests.PreJUnit4TestCaseRunnerTest:testListener","org.junit.runner.JUnitCore:addListener","255, 128, 128"
"org.junit.tests.SuiteTest:whatHappensWhenASuiteHasACycle","org.junit.runner.Result:getFailureCount","255, 128, 128"
"org.junit.tests.TestListenerTest:failingListener","org.junit.runner.JUnitCore:run","255, 128, 128"
"org.junit.tests.AnnotationTest:testErrorInBeforeClass","org.junit.runner.Result:getFailureCount","255, 128, 128"
"org.junit.tests.ExpectedTest:noneThrown","org.junit.runner.JUnitCore:run","255, 128, 128"
"org.junit.tests.SuiteTest:whatHappensWhenASuiteHasAForkingCycle","org.junit.runner.Result:getFailureCount","255, 128, 128"
"org.junit.tests.AnnotationTest:testRunFailure","org.junit.runner.notification.Failure:getException","255, 128, 128"
"org.junit.internal.runners.TestClassRunner:validate","org.junit.internal.runners.MethodValidator:validateMethodsForDefaultRunner","255, 128, 128"
"org.junit.internal.runners.TestClassMethodsRunner:getDescription","org.junit.runner.Description:addChild","255, 128, 128"
"org.junit.tests.AnnotationTest:testAnnotatedMethod","org.junit.runner.JUnitCore:run","255, 128, 128"
"org.junit.internal.runners.TextListener:testRunFinished","org.junit.runner.Result:getRunTime","255, 128, 128"
"org.junit.tests.AnnotationTest:testException","org.junit.runner.JUnitCore:run","255, 128, 128"
"org.junit.tests.ParameterizedTestTest:plansNamedCorrectly","org.junit.runner.Description:getDisplayName","255, 128, 128"
"org.junit.tests.SuiteTest:withoutSuiteClassAnnotationProducesFailure","org.junit.runner.notification.Failure:getMessage","255, 128, 128"
"org.junit.internal.requests.ClassRequest:buildRunner","org.junit.runner.Request:getRunner","255, 128, 128"
"org.junit.tests.ParameterizedTestTest:meaningfulFailureWhenParametersNotPublic","org.junit.runner.Result:getFailures","255, 128, 128"
"org.junit.tests.ParameterizedTestTest:plansNamedCorrectly","org.junit.runner.Request:getRunner","255, 128, 128"
"org.junit.tests.SuiteTest:ensureTestIsRun","org.junit.runner.JUnitCore:run","255, 128, 128"
"org.junit.tests.ParameterizedTestTest:count","org.junit.runner.Result:getRunCount","255, 128, 128"
"org.junit.tests.SuiteTest:suiteShouldBeOKwithNonDefaultConstructor","org.junit.runner.Result:wasSuccessful","255, 128, 128"
"org.junit.internal.runners.OldTestClassRunner:makeDescription","org.junit.runner.Description:addChild","255, 128, 128"
"org.junit.internal.runners.TestMethodRunner:expectedException","org.junit.internal.runners.TestIntrospector:expectedException","255, 128, 128"
"org.junit.tests.ParameterizedTestMethodTest:validateAllMethods","org.junit.internal.runners.InitializationError:getCauses","255, 128, 128"
"org.junit.tests.SingleMethodTest:oneTimeSetup","org.junit.runner.Request:getRunner","255, 128, 128"
"org.junit.tests.AnnotationTest:testTestAndTeardownFailure","org.junit.runner.Result:getRunCount","255, 128, 128"
"org.junit.internal.requests.IgnoredClassRunner:run","org.junit.internal.requests.IgnoredClassRunner:getDescription","255, 128, 128"
"org.junit.samples.money.MoneyTest:testSimpleNegate","junit.samples.money.Money:negate","255, 128, 128"
"org.junit.runners.Parameterized:validate","org.junit.internal.runners.MethodValidator:validateStaticMethods","255, 128, 128"
"org.junit.tests.AnnotationTest:testErrorInAfterClass","org.junit.runner.JUnitCore:run","255, 128, 128"
"org.junit.tests.TestClassMethodsRunnerTest:constructorException","org.junit.runner.JUnitCore:run","255, 128, 128"
"org.junit.internal.runners.TestClassMethodsRunner:run","org.junit.runner.notification.RunNotifier:testAborted","255, 128, 128"
"org.junit.tests.AssertionTest:nullMessageDisappearsWithStringAssertEquals","org.junit.ComparisonFailure:getMessage","255, 128, 128"
"org.junit.tests.AnnotationTest:testRunFailure","org.junit.runner.Result:getFailures","255, 128, 128"
"org.junit.tests.OldTestClassAdaptingListenerTest:addFailureDelegatesToNotifier","org.junit.runner.Result:createListener","255, 128, 128"
"org.junit.tests.AnnotationTest:testShadowing","org.junit.runner.JUnitCore:run","255, 128, 128"
"org.junit.tests.OldTestClassRunnerTest:canUnadaptAnAdapter","org.junit.runner.notification.Failure:getDescription","255, 128, 128"
"org.junit.tests.ForwardCompatibilityTest:testNotifyResult","junit.framework.TestResult:addListener","255, 128, 128"
"org.junit.tests.ExpectedTest:unexpected","org.junit.runner.notification.Failure:getMessage","255, 128, 128"
"org.junit.tests.TimeoutTest:failureWithTimeout","org.junit.runner.JUnitCore:run","255, 128, 128"
"org.junit.tests.TestListenerTest:removeFailingListeners","org.junit.runner.notification.Failure:getDescription","255, 128, 128"
"org.junit.internal.requests.ClassRequest:getRunnerClass","org.junit.internal.requests.ClassRequest:hasSuiteMethod","255, 128, 128"
"org.junit.internal.runners.BeforeAndAfterRunner:runProtected","org.junit.internal.runners.BeforeAndAfterRunner:runUnprotected","255, 128, 128"
"org.junit.internal.runners.TestClassMethodsRunner:invokeTestMethod","org.junit.runner.notification.RunNotifier:testAborted","255, 128, 128"
"org.junit.tests.ParameterizedTestTest:failuresAddedForBadTestMethod","org.junit.runner.Result:getFailureCount","255, 128, 128"
"org.junit.tests.TestClassMethodsRunnerTest:constructorException","org.junit.runner.notification.Failure:getException","255, 128, 128"
"org.junit.tests.ForwardCompatibilityTest:testException","junit.framework.TestResult:errors","255, 128, 128"
"org.junit.internal.runners.TextListener:printFailure","org.junit.internal.runners.TextListener:printFailureTrace","255, 128, 128"
"org.junit.tests.TestListenerTest:removeFailingListeners","org.junit.runner.JUnitCore:run","255, 128, 128"
"org.junit.internal.runners.TestClassMethodsRunner:filter","org.junit.runner.manipulation.Filter:shouldRun","255, 128, 128"
"org.junit.internal.runners.TestClassRunner:run","org.junit.internal.runners.TestClassRunner:getTestClass","255, 128, 128"
"org.junit.tests.SuiteTest:forwardCompatibilityWorksWithGetTests","junit.framework.JUnit4TestAdapter:getTests","255, 128, 128"
"org.junit.tests.TestDescriptionTest:equalsIsFalseForNonTestDescription","org.junit.runner.Description:equals","255, 128, 128"
"org.junit.tests.AnnotationTest:testTeardownFailure","org.junit.runner.JUnitCore:run","255, 128, 128"
"org.junit.tests.ForwardCompatibilityPrintingTest:testErrorAdapted","junit.textui.TestRunner:setPrinter","255, 128, 128"
"org.junit.tests.ParameterizedTestTest:meaningfulFailureWhenParameterListsAreNotArrays","org.junit.runner.Result:getFailures","255, 128, 128"
"org.junit.tests.TimeoutTest:timeoutFailure","org.junit.runner.Result:getFailureCount","255, 128, 128"
"org.junit.tests.AnnotationTest:testSetupFailure","org.junit.runner.notification.Failure:getException","255, 128, 128"
"org.junit.tests.TimeoutTest:runAndTime","org.junit.runner.JUnitCore:run","255, 128, 128"
"org.junit.tests.TimeoutTest:failureWithTimeoutRunTimeException","org.junit.runner.Result:getRunCount","255, 128, 128"
"org.junit.tests.ExpectedTest:noneThrown","org.junit.runner.notification.Failure:getMessage","255, 128, 128"
"org.junit.tests.TimeoutTest:successWithTimeout","org.junit.runner.Result:getFailureCount","255, 128, 128"
"org.junit.internal.runners.TextListener:printFailureTrace","org.junit.runner.notification.Failure:getTrace","255, 128, 128"
"org.junit.tests.ForwardCompatibilityTest:testInvalidMethod","junit.framework.TestResult:errors","255, 128, 128"
"org.junit.runner.notification.RunNotifier:testAborted","org.junit.runner.notification.RunNotifier:fireTestStarted","255, 128, 128"
"org.junit.samples.money.MoneyTest:testBagNotEquals","junit.samples.money.Money:add","255, 128, 128"
"org.junit.tests.SuiteTest:suiteTestCountIsCorrect","org.junit.runner.Runner:testCount","255, 128, 128"
"org.junit.tests.RunWithTest:characterizeErrorMessageFromBadRunner","org.junit.runner.Result:getFailures","255, 128, 128"
"org.junit.tests.OldTestClassAdaptingListenerTest:addFailureDelegatesToNotifier","org.junit.runner.notification.RunNotifier:addFirstListener","255, 128, 128"
"org.junit.tests.RunnerTest:oldTestCount","org.junit.runner.JUnitCore:run","255, 128, 128"
"org.junit.internal.requests.ErrorReportingRequest:getCauses","org.junit.internal.runners.InitializationError:getCauses","255, 128, 128"
"org.junit.tests.TestClassMethodsRunnerTest:noRunnableMethods","org.junit.runner.Result:getFailures","255, 128, 128"
"org.junit.internal.runners.TestClassRunner:sort","org.junit.runner.manipulation.Sorter:apply","255, 128, 128"
"org.junit.tests.ExpectedTest:unexpected","org.junit.runner.notification.Failure:getException","255, 128, 128"
"org.junit.samples.money.MoneyTest:testSimpleSubtract","junit.samples.money.Money:subtract","255, 128, 128"
"org.junit.tests.CommandLineTest:runATest","org.junit.runner.JUnitCore:runMain","255, 128, 128"
"org.junit.internal.runners.TextListener:printFooter","org.junit.runner.Result:getRunCount","255, 128, 128"
"org.junit.tests.AnnotationTest:testRunAllAfters","org.junit.runner.JUnitCore:run","255, 128, 128"
"org.junit.tests.TimeoutTest:failureWithTimeoutRunTimeException","org.junit.runner.notification.Failure:getException","255, 128, 128"
"org.junit.tests.UserStopTest:stopClassRunner","org.junit.runner.Runner:run","255, 128, 128"
"org.junit.internal.runners.TestMethodRunner:run","org.junit.internal.runners.TestIntrospector:getTimeout","255, 128, 128"
"org.junit.internal.runners.TextListener:testRunFinished","org.junit.internal.runners.TextListener:printFooter","255, 128, 128"
"org.junit.tests.IgnoreClassTest:ignoreClass","org.junit.runner.Result:getIgnoreCount","255, 128, 128"
"org.junit.tests.RunWithTest:characterizeErrorMessageFromBadRunner","org.junit.runner.notification.Failure:getMessage","255, 128, 128"
"org.junit.tests.SuiteTest:ensureTestIsRun","org.junit.runner.Result:getFailureCount","255, 128, 128"
"org.junit.tests.ValidationTest:initializationErrorIsOnCorrectClass","org.junit.runner.Runner:getDescription","255, 128, 128"
"org.junit.internal.runners.TestClassMethodsRunner:run","org.junit.internal.runners.TestClassMethodsRunner:getDescription","255, 128, 128"
"org.junit.tests.OldTestClassRunnerTest:plansDecoratorCorrectly","org.junit.internal.runners.OldTestClassRunner:testCount","255, 128, 128"
"org.junit.tests.AnnotationTest:testExceptionNotThrown","org.junit.runner.notification.Failure:getMessage","255, 128, 128"
"org.junit.tests.AnnotationTest:testRunFailure","org.junit.runner.Result:getRunCount","255, 128, 128"
"org.junit.internal.runners.TestClassMethodsRunner:invokeTestMethod","org.junit.internal.runners.TestMethodRunner:run","255, 128, 128"
"org.junit.tests.EnclosedTest:enclosedRunnerIsNamedForEnclosingClass","org.junit.runner.Description:getDisplayName","255, 128, 128"
"org.junit.tests.EnclosedTest:enclosedRunnerPlansEnclosedClasses","org.junit.runner.Request:getRunner","255, 128, 128"
"org.junit.tests.AnnotationTest:testSetupFailure","org.junit.runner.Result:getFailureCount","255, 128, 128"
"org.junit.tests.SingleMethodTest:parameterizedOneTimeSetup","org.junit.runner.JUnitCore:run","255, 128, 128"
"org.junit.internal.runners.OldTestClassRunner:makeDescription","junit.framework.JUnit4TestAdapter:getDescription","255, 128, 128"
"org.junit.tests.InitializationErrorForwardCompatibilityTest:initializationErrorsAreThrownAtRuntime","junit.framework.TestResult:errorCount","255, 128, 128"
"org.junit.tests.AnnotationTest:testTeardownFailure","org.junit.runner.Result:getRunCount","255, 128, 128"
"org.junit.tests.ClassRequestTest:noSuiteMethodIfMethodPrivate","org.junit.internal.requests.ClassRequest:hasSuiteMethod","255, 128, 128"
"org.junit.tests.TimeoutTest:infiniteLoop","org.junit.runner.Result:getFailures","255, 128, 128"
"org.junit.tests.TimeoutTest:infiniteLoop","org.junit.runner.notification.Failure:getException","255, 128, 128"
"org.junit.tests.TimeoutTest:stalledThreadAppearsInStackTrace","org.junit.runner.Result:getRunCount","255, 128, 128"
"org.junit.tests.InitializationErrorForwardCompatibilityTest:generatedErrorTestsMatchUp","junit.framework.JUnit4TestAdapter:run","255, 128, 128"
"org.junit.internal.runners.TextListener:printFooter","org.junit.runner.Result:wasSuccessful","255, 128, 128"
"org.junit.samples.money.MoneyTest:testSimpleAdd","junit.samples.money.Money:add","255, 128, 128"
"org.junit.tests.PreJUnit4TestCaseRunnerTest:testListener","org.junit.runner.Result:getRunCount","255, 128, 128"
"org.junit.tests.AnnotationTest:testOldTest","org.junit.runner.JUnitCore:run","255, 128, 128"
"org.junit.internal.requests.ClassRequest:getRunnerClass","org.junit.internal.requests.ClassRequest:isPre4Test","255, 128, 128"
"org.junit.tests.OldTestClassRunnerTest:canUnadaptAnAdapter","org.junit.runner.Result:getFailures","255, 128, 128"
"org.junit.tests.SingleMethodTest:filteringAwayEverythingThrowsException","org.junit.runner.Request:getRunner","255, 128, 128"
"org.junit.tests.AnnotationTest:testSetupFailure","org.junit.runner.Result:getRunCount","255, 128, 128"
"org.junit.tests.ExpectedTest:expectsSuperclass","org.junit.runner.JUnitCore:run","255, 128, 128"
"org.junit.tests.SingleMethodTest:eliminateUnnecessaryTreeBranches","org.junit.runner.Request:getRunner","255, 128, 128"
"org.junit.tests.TestMethodTest:compatibility","junit.framework.TestResult:runCount","255, 128, 128"
"org.junit.tests.AnnotationTest:testOrderingOfInheritance","org.junit.runner.JUnitCore:run","255, 128, 128"
"org.junit.tests.TestMethodTest:ignoreRunner","org.junit.runner.Result:getIgnoreCount","255, 128, 128"
"org.junit.tests.TimeoutTest:successWithTimeout","org.junit.runner.JUnitCore:run","255, 128, 128"
"org.junit.tests.AnnotationTest:testTwoTests","org.junit.runner.JUnitCore:run","255, 128, 128"
"org.junit.tests.TextListenerTest:testSuccess","org.junit.runner.JUnitCore:run","255, 128, 128"
"org.junit.internal.runners.TestClassMethodsRunner:invokeTestMethod","org.junit.internal.runners.TestClassMethodsRunner:createTest","255, 128, 128"
"org.junit.tests.AllTestsTest:ensureTestIsRun","org.junit.runner.JUnitCore:run","255, 128, 128"
"org.junit.internal.runners.TestClassRunner:getDescription","org.junit.runner.Runner:getDescription","255, 128, 128"
"org.junit.tests.AnnotationTest:testRunAllAftersRegardless","org.junit.runner.JUnitCore:run","255, 128, 128"
"org.junit.tests.RunnerTest:testFinished","org.junit.runner.JUnitCore:run","255, 128, 128"
"org.junit.internal.runners.TestMethodRunner:runUnprotected","org.junit.internal.runners.TestMethodRunner:addFailure","255, 128, 128"
"org.junit.internal.runners.TextListener:printFailures","org.junit.runner.Result:getFailures","255, 128, 128"
"org.junit.samples.money.MoneyTest:testMoneyEquals","junit.samples.money.Money:equals","255, 128, 128"
"org.junit.samples.money.MoneyTest:testMoneyHash","junit.samples.money.Money:equals","255, 128, 128"
"org.junit.tests.ForwardCompatibilityPrintingTest:testError","junit.textui.TestRunner:doRun","255, 128, 128"
"org.junit.tests.RunnerTest:newTestCount","org.junit.runner.JUnitCore:run","255, 128, 128"
"org.junit.tests.TimeoutTest:infiniteLoop","org.junit.runner.Result:getRunCount","255, 128, 128"
"org.junit.tests.TestClassMethodsRunnerTest:constructorException","org.junit.runner.Result:getFailures","255, 128, 128"
"org.junit.tests.AnnotationTest:testTestInheritance","org.junit.runner.JUnitCore:run","255, 128, 128"
"org.junit.internal.runners.MethodValidator:validateTestMethods","org.junit.internal.runners.TestIntrospector:getTestMethods","255, 128, 128"
"org.junit.internal.runners.TestMethodRunner:run","org.junit.internal.runners.TestIntrospector:isIgnored","255, 128, 128"
"org.junit.tests.EnclosedTest:enclosedRunnerPlansEnclosedClasses","org.junit.runner.Runner:testCount","255, 128, 128"
"org.junit.tests.TimeoutTest:stalledThreadAppearsInStackTrace","org.junit.runner.JUnitCore:run","255, 128, 128"
"org.junit.tests.AnnotationTest:testExceptionNotThrown","org.junit.runner.Result:getFailureCount","255, 128, 128"
"org.junit.tests.SuiteTest:whatHappensWhenASuiteContainsItselfIndirectly","org.junit.runner.Result:getFailureCount","255, 128, 128"
"org.junit.tests.TestListenerTest:failingListener","org.junit.runner.JUnitCore:addListener","255, 128, 128"
"org.junit.tests.AnnotationTest:testOldSuiteTest","org.junit.runner.JUnitCore:run","255, 128, 128"
"org.junit.tests.AnnotationTest:testExceptionNotThrown","org.junit.runner.JUnitCore:run","255, 128, 128"
"org.junit.tests.AnnotationTest:testTeardown","org.junit.runner.JUnitCore:run","255, 128, 128"
"org.junit.tests.SingleMethodTest:oneTimeSetup","org.junit.runner.Result:getRunCount","255, 128, 128"
"org.junit.internal.requests.ClassesRequest:getRunner","org.junit.runner.Request:getRunner","255, 128, 128"
"org.junit.tests.AnnotationTest:testTestAndTeardownFailure","org.junit.runner.Result:getFailures","255, 128, 128"
"org.junit.tests.AnnotationTest:testTestAndTeardownFailure","org.junit.runner.notification.Failure:getException","255, 128, 128"
"org.junit.internal.runners.TestClassMethodsRunner:getDescription","org.junit.internal.runners.TestClassMethodsRunner:getName","255, 128, 128"
"org.junit.tests.RunnerTest:testFinished","org.junit.runner.JUnitCore:addListener","255, 128, 128"
"org.junit.tests.TimeoutTest:timeoutFailure","org.junit.runner.JUnitCore:run","255, 128, 128"
"org.junit.runners.Parameterized:validate","org.junit.internal.runners.MethodValidator:validateInstanceMethods","255, 128, 128"
"org.junit.internal.runners.OldTestClassRunner:run","junit.framework.TestResult:addListener","255, 128, 128"
"org.junit.samples.money.MoneyTest:testMoneyEquals","junit.samples.money.Money:hashCode","255, 128, 128"
"org.junit.tests.TestListenerTest:freshResultEachTime","org.junit.runner.JUnitCore:run","255, 128, 128"
"org.junit.runners.Suite:validate","org.junit.internal.runners.MethodValidator:validateStaticMethods","255, 128, 128"
"org.junit.tests.AnnotationTest:testRunAllAfterClassesRegardless","org.junit.runner.Result:getFailureCount","255, 128, 128"
"org.junit.tests.AllTestsTest:correctTestCount","org.junit.runners.AllTests:testCount","255, 128, 128"
"org.junit.tests.AnnotationTest:testErrorInBeforeClass","org.junit.runner.JUnitCore:run","255, 128, 128"
"org.junit.internal.runners.OldTestClassRunner:makeDescription","junit.framework.TestSuite:testCount","255, 128, 128"
"org.junit.internal.runners.TestClassRunner:filter","org.junit.runner.manipulation.Filter:apply","255, 128, 128"
"org.junit.tests.InitializationErrorForwardCompatibilityTest:initializationErrorsAreThrownAtRuntime","junit.framework.JUnit4TestAdapter:run","255, 128, 128"
"org.junit.tests.AnnotationTest:testErrorInBeforeClass","org.junit.runner.notification.Failure:getDescription","255, 128, 128"
"org.junit.tests.InitializationErrorForwardCompatibilityTest:initializationErrorsAreThrownAtRuntime","junit.framework.TestFailure:exceptionMessage","255, 128, 128"
"org.junit.samples.money.MoneyTest:zeroMoniesAreEqualRegardlessOfCurrency","junit.samples.money.Money:hashCode","255, 128, 128"
"org.junit.tests.AnnotationTest:testTestAndTeardownFailure","org.junit.runner.Result:getFailureCount","255, 128, 128"
"org.junit.tests.UserStopTest:stopMethodRunner","org.junit.internal.runners.TestMethodRunner:run","255, 128, 128"
"org.junit.tests.ExpectedTest:unexpected","org.junit.runner.Result:getFailures","255, 128, 128"
"org.junit.tests.AnnotationTest:testException","org.junit.runner.Result:getFailureCount","255, 128, 128"
"org.junit.tests.ForwardCompatibilityTest:testNotifyResult","junit.framework.JUnit4TestAdapter:run","255, 128, 128"
"org.junit.tests.TestMethodTest:validateAllMethods","org.junit.internal.runners.InitializationError:getCauses","255, 128, 128"
"org.junit.samples.money.MoneyTest:testNormalize4","junit.samples.money.Money:subtract","255, 128, 128"
"org.junit.tests.ForwardCompatibilityPrintingTest:testError","junit.framework.TestSuite:addTest","255, 128, 128"
"org.junit.tests.ForwardCompatibilityPrintingTest:testError","junit.textui.TestRunner:setPrinter","255, 128, 128"
"org.junit.tests.TimeoutTest:compatibility","junit.framework.JUnit4TestAdapter:run","255, 128, 128"
"org.junit.tests.ForwardCompatibilityTest:testNoException","junit.framework.TestResult:wasSuccessful","255, 128, 128"
"org.junit.tests.ExpectedTest:expectsSuperclass","org.junit.runner.Result:wasSuccessful","255, 128, 128"
"org.junit.internal.runners.TextListener:printFooter","org.junit.runner.Result:getFailureCount","255, 128, 128"
"org.junit.internal.requests.IgnoredClassRunner:run","org.junit.runner.notification.RunNotifier:fireTestIgnored","255, 128, 128"
"org.junit.tests.AnnotationTest:testRunFailure","org.junit.runner.JUnitCore:run","255, 128, 128"
"org.junit.tests.ParameterizedTestTest:plansNamedCorrectly","org.junit.runner.Description:getChildren","255, 128, 128"
"org.junit.tests.SingleMethodTest:eliminateUnnecessaryTreeBranches","org.junit.runner.Description:getChildren","255, 128, 128"
"org.junit.tests.AnnotationTest:testSetupFailure","org.junit.runner.JUnitCore:run","255, 128, 128"
"org.junit.tests.ParameterizedTestTest:plansNamedCorrectly","org.junit.runner.Runner:getDescription","255, 128, 128"
"org.junit.tests.SingleMethodTest:eliminateUnnecessaryTreeBranches","org.junit.runner.Request:filterWith","255, 128, 128"
"org.junit.tests.TimeoutTest:failureWithTimeoutRunTimeException","org.junit.runner.JUnitCore:run","255, 128, 128"
"org.junit.internal.requests.ErrorReportingRequest:getRunner","org.junit.internal.runners.CompositeRunner:add","255, 128, 128"
"org.junit.tests.UserStopTest:stopClassRunner","org.junit.runner.Request:getRunner","255, 128, 128"
"org.junit.tests.OldTestClassRunnerTest:canUnadaptAnAdapter","org.junit.runner.JUnitCore:run","255, 128, 128"
"org.junit.samples.money.MoneyTest:testPrint","junit.samples.money.Money:toString","255, 128, 128"
"org.junit.tests.AnnotationTest:testErrorInAfterClass","org.junit.runner.Result:getFailureCount","255, 128, 128"
"org.junit.runner.notification.RunNotifier:testAborted","org.junit.runner.notification.RunNotifier:fireTestFinished","255, 128, 128"
"org.junit.tests.OldTestClassAdaptingListenerTest:addFailureDelegatesToNotifier","org.junit.runner.Result:getFailureCount","255, 128, 128"
"org.junit.runner.JUnitCore:killAllThreads","org.junit.runner.Result:wasSuccessful","255, 128, 128"
"org.junit.tests.TimeoutTest:timeoutFailure","org.junit.runner.Result:getRunCount","255, 128, 128"
"org.junit.internal.runners.TestClassMethodsRunner:methodDescription","org.junit.internal.runners.TestClassMethodsRunner:testName","255, 128, 128"
"org.junit.tests.AnnotationTest:testTeardownFailure","org.junit.runner.Result:getFailureCount","255, 128, 128"
"org.junit.tests.AnnotationTest:testNonStaticOneTimeSetup","org.junit.runner.Result:getFailureCount","255, 128, 128"
"org.junit.tests.AnnotationTest:testOneTimeTeardown","org.junit.runner.JUnitCore:run","255, 128, 128"
"org.junit.tests.ForwardCompatibilityTest:testInvalidMethod","junit.framework.TestResult:errorCount","255, 128, 128"
"org.junit.internal.runners.CompositeRunner:sort","org.junit.runner.manipulation.Sorter:apply","255, 128, 128"
"org.junit.internal.runners.TestMethodRunner:runUnprotected","org.junit.internal.runners.TestMethodRunner:executeMethodBody","255, 128, 128"
"org.junit.samples.money.MoneyTest:testMoneyHash","junit.samples.money.Money:hashCode","255, 128, 128"
"org.junit.tests.IgnoreClassTest:ignoreClass","org.junit.runner.Result:getFailureCount","255, 128, 128"
"org.junit.tests.AnnotationTest:testOrder","org.junit.runner.JUnitCore:run","255, 128, 128"
"org.junit.internal.requests.ClassRequest:getRunner","org.junit.internal.requests.ClassRequest:getRunnerClass","255, 128, 128"
"org.junit.tests.AnnotationTest:testErrorInBeforeClass","org.junit.runner.Result:getFailures","255, 128, 128"
"org.junit.tests.SuiteTest:forwardCompatibilityWorksWithTestCount","junit.framework.JUnit4TestAdapter:countTestCases","255, 128, 128"
"org.junit.tests.ForwardCompatibilityPrintingTest:testErrorAdapted","junit.textui.TestRunner:doRun","255, 128, 128"
"org.junit.internal.runners.TextListener:printFailures","org.junit.internal.runners.TextListener:printFailure","255, 128, 128"
"org.junit.tests.TimeoutTest:failureWithTimeout","org.junit.runner.Result:getRunCount","255, 128, 128"
"org.junit.tests.ForwardCompatibilityTest:testException","junit.framework.TestFailure:thrownException","255, 128, 128"
"org.junit.internal.runners.BeforeAndAfterRunner:runAfters","org.junit.internal.runners.TestIntrospector:getTestMethods","255, 128, 128"
"org.junit.tests.EnclosedTest:enclosedRunnerRunsEnclosedClasses","org.junit.runner.Result:getRunCount","255, 128, 128"
"org.junit.internal.runners.TestClassMethodsRunner:methodDescription","org.junit.internal.runners.TestClassMethodsRunner:getTestClass","255, 128, 128"
"org.junit.tests.InitializationErrorForwardCompatibilityTest:generatedErrorTestsMatchUp","junit.framework.TestResult:addListener","255, 128, 128"
"org.junit.tests.TestMethodTest:onlyIgnoredMethodsIsStillFineTestClass","org.junit.runner.Result:getIgnoreCount","255, 128, 128"
"org.junit.tests.TestListenerTest:removeFailingListeners","org.junit.runner.JUnitCore:addListener","255, 128, 128"
"org.junit.tests.TimeoutTest:stalledThreadAppearsInStackTrace","org.junit.runner.notification.Failure:getException","255, 128, 128"
"org.junit.tests.SingleMethodTest:nonexistentMethodCreatesFailure","org.junit.runner.JUnitCore:run","255, 128, 128"
"org.junit.tests.ExpectedTest:expected","org.junit.runner.JUnitCore:run","255, 128, 128"
"org.junit.tests.TestMethodTest:ignoreRunner","org.junit.runner.JUnitCore:run","255, 128, 128"
"org.junit.tests.ParameterizedTestTest:meaningfulFailureWhenParametersNotPublic","org.junit.runner.notification.Failure:getMessage","255, 128, 128"
"org.junit.tests.AnnotationTest:testTestAndTeardownFailure","org.junit.runner.JUnitCore:run","255, 128, 128"
"org.junit.tests.FailedConstructionTest:failedConstructionIsTestFailure","org.junit.runner.Result:getFailures","255, 128, 128"
"org.junit.tests.TestMethodTest:overloaded","org.junit.internal.runners.MethodValidator:validateMethodsForDefaultRunner","255, 128, 128"
"org.junit.internal.runners.TestClassMethodsRunner:filter","org.junit.internal.runners.TestClassMethodsRunner:methodDescription","255, 128, 128"
"org.junit.tests.TextListenerTest:testError","org.junit.runner.JUnitCore:run","255, 128, 128"
"org.junit.tests.TestClassMethodsRunnerTest:noRunnableMethods","org.junit.runner.JUnitCore:run","255, 128, 128"
"org.junit.internal.runners.OldTestClassRunner:makeDescription","junit.framework.TestCase:getName","255, 128, 128"
"org.junit.tests.ForwardCompatibilityTest:testToString","junit.framework.JUnit4TestAdapter:getTests","255, 128, 128"
"org.junit.tests.ParameterizedTestTest:count","org.junit.runner.Result:getFailureCount","255, 128, 128"
"org.junit.tests.TestClassMethodsRunnerTest:noRunnableMethods","org.junit.runner.notification.Failure:getException","255, 128, 128"
"org.junit.tests.TimeoutTest:stalledThreadAppearsInStackTrace","org.junit.runner.Result:getFailureCount","255, 128, 128"
"org.junit.tests.AnnotationTest:testTeardownFailure","org.junit.runner.Result:getFailures","255, 128, 128"
"org.junit.tests.ParameterizedTestTest:failuresNamedCorrectly","org.junit.runner.notification.Failure:getTestHeader","255, 128, 128"
"org.junit.tests.AnnotationTest:testRunAllAfterClassesRegardless","org.junit.runner.JUnitCore:run","255, 128, 128"
"org.junit.tests.SuiteDescriptionTest:descriptionWithTwoKids","org.junit.runner.Description:addChild","255, 128, 128"
"org.junit.tests.ParameterizedTestTest:meaningfulFailureWhenParameterListsAreNotArrays","org.junit.runner.notification.Failure:getMessage","255, 128, 128"
"org.junit.tests.RunnerTest:oldTestCount","org.junit.runner.JUnitCore:addListener","255, 128, 128"
"org.junit.tests.InitializationErrorForwardCompatibilityTest:initializationErrorsShowUpAsWarnings","junit.framework.JUnit4TestAdapter:getTests","255, 128, 128"
"org.junit.tests.TimeoutTest:stalledThreadAppearsInStackTrace","org.junit.runner.Result:getFailures","255, 128, 128"
"org.junit.tests.ValidationTest:initializationErrorIsOnCorrectClass","org.junit.runner.Description:getDisplayName","255, 128, 128"
"org.junit.internal.runners.TestMethodRunner:runWithTimeout","org.junit.internal.runners.TestMethodRunner:addFailure","255, 128, 128"
"org.junit.internal.runners.OldTestClassRunner:makeDescription","junit.extensions.TestDecorator:getTest","255, 128, 128"
"org.junit.tests.SuiteDescriptionTest:hashCodeIsReasonable","org.junit.runner.Description:hashCode","255, 128, 128"
"org.junit.tests.SuiteTest:ensureSuitesWorkWithForwardCompatibility","junit.framework.TestResult:runCount","255, 128, 128"
"org.junit.tests.TimeoutTest:infiniteLoop","org.junit.runner.JUnitCore:run","255, 128, 128"
"org.junit.internal.requests.ClassesRequest:getRunner","org.junit.internal.runners.CompositeRunner:add","255, 128, 128"
"org.junit.internal.runners.TestClassMethodsRunner:getName","org.junit.internal.runners.TestClassMethodsRunner:getTestClass","255, 128, 128"
"org.junit.tests.AnnotationTest:testSetupFailure","org.junit.runner.Result:getFailures","255, 128, 128"
"org.junit.tests.SingleMethodTest:nonexistentMethodCreatesFailure","org.junit.runner.Result:getFailureCount","255, 128, 128"
"org.junit.internal.runners.CompositeRunner:filter","org.junit.runner.manipulation.Filter:apply","255, 128, 128"
"org.junit.samples.money.MoneyTest:testMixedSimpleAdd","junit.samples.money.Money:add","255, 128, 128"
"org.junit.tests.InitializationErrorForwardCompatibilityTest:initializationErrorsAreThrownAtRuntime","junit.framework.TestResult:errors","255, 128, 128"
"org.junit.tests.EnclosedTest:enclosedRunnerIsNamedForEnclosingClass","org.junit.runner.Runner:getDescription","255, 128, 128"
"org.junit.tests.AnnotationTest:testExceptionNotThrown","org.junit.runner.Result:getFailures","255, 128, 128"
"org.junit.tests.SingleMethodTest:oneTimeSetup","org.junit.runner.JUnitCore:run","255, 128, 128"
"org.junit.tests.ExpectedTest:noneThrown","org.junit.runner.Result:wasSuccessful","255, 128, 128"
"org.junit.tests.ListenerTest:notifyListenersInTheOrderInWhichTheyAreAdded","org.junit.runner.JUnitCore:run","255, 128, 128"
"org.junit.internal.runners.CompositeRunner:getDescription","org.junit.runner.Runner:getDescription","255, 128, 128"
"org.junit.tests.ParameterizedTestTest:countBeforeRun","org.junit.runner.Runner:testCount","255, 128, 128"
"org.junit.tests.ParameterizedTestTest:validateClassCatchesNoParameters","org.junit.runner.Result:getFailureCount","255, 128, 128"
"org.junit.tests.TextListenerTest:setUp","org.junit.runner.JUnitCore:addListener","255, 128, 128"
"org.junit.internal.runners.TestMethodRunner:run","org.junit.runner.notification.RunNotifier:fireTestFinished","255, 128, 128"
"org.junit.tests.UserStopTest:userStop","org.junit.runner.notification.RunNotifier:fireTestStarted","255, 128, 128"
"org.junit.internal.runners.CompositeRunner:run","org.junit.runner.Runner:run","255, 128, 128"
"org.junit.internal.runners.TestClassMethodsRunner:invokeTestMethod","org.junit.internal.runners.TestClassMethodsRunner:createMethodRunner","255, 128, 128"
"org.junit.internal.runners.TextListener:printFailures","org.junit.runner.Result:getFailureCount","255, 128, 128"
"org.junit.tests.ForwardCompatibilityTest:testExceptionInBefore","junit.framework.TestResult:errorCount","255, 128, 128"
"org.junit.tests.TimeoutTest:timeoutFailure","org.junit.runner.notification.Failure:getException","255, 128, 128"
"org.junit.tests.TestListenerTest:removeFailingListeners","org.junit.runner.Result:getFailureCount","255, 128, 128"
"org.junit.internal.runners.TestClassRunner:run","org.junit.internal.runners.BeforeAndAfterRunner:runProtected","255, 128, 128"
"org.junit.internal.runners.TestMethodRunner:runMethod","org.junit.internal.runners.TestMethodRunner:runProtected","255, 128, 128"
"org.junit.samples.money.MoneyTest:testMoneyBagEquals","junit.samples.money.Money:equals","255, 128, 128"
"org.junit.tests.SuiteTest:withoutSuiteClassAnnotationProducesFailure","org.junit.runner.Result:getFailureCount","255, 128, 128"
"org.junit.tests.TestMethodTest:onlyIgnoredMethodsIsStillFineTestClass","org.junit.runner.Result:getFailureCount","255, 128, 128"
"org.junit.internal.runners.OldTestClassRunner:makeDescription","junit.framework.TestSuite:testAt","255, 128, 128"
"org.junit.tests.AnnotationTest:testNonStaticOneTimeSetup","org.junit.runner.JUnitCore:run","255, 128, 128"
"org.junit.internal.runners.CompositeRunner:filter","org.junit.runner.manipulation.Filter:shouldRun","255, 128, 128"
"org.junit.internal.runners.TestMethodRunner:run","org.junit.runner.notification.RunNotifier:fireTestIgnored","255, 128, 128"
"org.junit.runners.Suite:validate","org.junit.internal.runners.MethodValidator:validateInstanceMethods","255, 128, 128"
"org.junit.tests.ParameterizedTestTest:countBeforeRun","org.junit.runner.Request:getRunner","255, 128, 128"
"org.junit.internal.runners.BeforeAndAfterRunner:runBefores","org.junit.internal.runners.TestIntrospector:getTestMethods","255, 128, 128"
"org.junit.internal.runners.TextListener:printFailure","org.junit.internal.runners.TextListener:printFailureHeader","255, 128, 128"
"org.junit.tests.FailedConstructionTest:failedConstructionIsTestFailure","org.junit.runner.notification.Failure:getDescription","255, 128, 128"
"org.junit.internal.runners.ErrorReportingRunner:run","org.junit.runner.notification.RunNotifier:testAborted","255, 128, 128"
"org.junit.tests.SingleMethodTest:filteringAffectsPlan","org.junit.runner.Request:getRunner","255, 128, 128"
"org.junit.internal.runners.TextListener:printHeader","org.junit.internal.runners.TextListener:elapsedTimeAsString","255, 128, 128"
"org.junit.tests.TimeoutTest:failureWithTimeoutRunTimeException","org.junit.runner.Result:getFailures","255, 128, 128"
"org.junit.tests.SuiteTest:withoutSuiteClassAnnotationProducesFailure","org.junit.runner.Result:getFailures","255, 128, 128"
"org.junit.internal.runners.BeforeAndAfterRunner:runBefores","org.junit.internal.runners.BeforeAndAfterRunner:addFailure","255, 128, 128"
"org.junit.samples.money.MoneyTest:testSimpleMultiply","junit.samples.money.Money:multiply","255, 128, 128"
"org.junit.tests.SingleMethodTest:eliminateUnnecessaryTreeBranches","org.junit.runner.Runner:getDescription","255, 128, 128"
"org.junit.tests.SingleMethodTest:parameterizedOneTimeSetup","org.junit.runner.Result:getRunCount","255, 128, 128"
"org.junit.internal.requests.ClassRequest:getRunner","org.junit.internal.requests.ClassRequest:buildRunner","255, 128, 128"
"org.junit.internal.runners.TestClassMethodsRunner:invokeTestMethod","org.junit.internal.runners.TestClassMethodsRunner:methodDescription","255, 128, 128"
"org.junit.internal.runners.TestClassMethodsRunner:createTest","org.junit.internal.runners.TestClassMethodsRunner:getTestClass","255, 128, 128"
"org.junit.tests.TimeoutTest:compatibility","junit.framework.TestResult:errorCount","255, 128, 128"
"org.junit.tests.TimeoutTest:failureWithTimeout","org.junit.runner.notification.Failure:getException","255, 128, 128"
"org.junit.tests.SuiteDescriptionTest:equalsIsCorrect","org.junit.runner.Description:equals","255, 128, 128"
"org.junit.runner.JUnitCore:main","org.junit.runner.JUnitCore:runMain","255, 128, 128"
"org.junit.internal.runners.TestClassMethodsRunner:createMethodRunner","org.junit.internal.runners.TestClassMethodsRunner:methodDescription","255, 128, 128"
"org.junit.tests.ForwardCompatibilityTest:testInvalidMethod","junit.framework.TestFailure:exceptionMessage","255, 128, 128"
"org.junit.internal.runners.TextListener:printFailureHeader","org.junit.runner.notification.Failure:getTestHeader","255, 128, 128"
"org.junit.tests.SuiteTest:ensureTestIsRun","org.junit.runner.Result:getRunCount","255, 128, 128"
"org.junit.internal.runners.CompositeRunner:getDescription","org.junit.runner.Description:addChild","255, 128, 128"
"org.junit.tests.ExpectedTest:noneThrown","org.junit.runner.Result:getFailures","255, 128, 128"
"org.junit.internal.runners.TextListener:testRunFinished","org.junit.internal.runners.TextListener:printHeader","255, 128, 128"
"org.junit.tests.ValidationTest:initializationErrorIsOnCorrectClass","org.junit.runner.Request:getRunner","255, 128, 128"
"org.junit.tests.InaccessibleBaseClassTest:inaccessibleBaseClassIsCaughtAtValidation","org.junit.internal.runners.MethodValidator:validateMethodsForDefaultRunner","255, 128, 128"
"org.junit.tests.RunnerTest:newTestCount","org.junit.runner.JUnitCore:addListener","255, 128, 128"
"org.junit.runners.BlockJUnit4ClassRunner:runChild","org.junit.runners.model.Statement:evaluate","0, 255, 64"
"org.junit.internal.TextListener:testRunFinished","org.junit.internal.TextListener:printFooter","0, 255, 64"
"org.junit.runners.ParentRunner:collectInitializationErrors","org.junit.runners.ParentRunner:validatePublicVoidNoArgMethods","0, 255, 64"
"org.junit.internal.TextListener:printFailure","org.junit.runner.notification.Failure:getTrace","0, 255, 64"
"org.junit.internal.runners.JUnit4ClassRunner:createTest","org.junit.internal.runners.TestClass:getConstructor","0, 255, 64"
"org.junit.runners.BlockJUnit4ClassRunner:runChild","org.junit.internal.runners.model.EachTestNotifier:fireTestStarted","0, 255, 64"
"org.junit.runners.BlockJUnit4ClassRunner:computeTestMethods","org.junit.runners.model.TestClass:getAnnotatedMethods","0, 255, 64"
"org.junit.experimental.theories.internal.AllMembersSupplier:addMultiPointMethods","org.junit.runners.model.TestClass:getAnnotatedMethods","0, 255, 64"
"org.junit.runners.ParentRunner:sortChild","org.junit.runner.manipulation.Sorter:apply","0, 255, 64"
"org.junit.runners.model.RunnerBuilder:safeRunnerForClass","org.junit.runners.model.RunnerBuilder:runnerForClass","0, 255, 64"
"org.junit.runners.Suite:describeChild","org.junit.runner.Runner:getDescription","0, 255, 64"
"org.junit.internal.TextListener:printFailures","org.junit.runner.Result:getFailures","0, 255, 64"
"org.junit.internal.builders.AllDefaultPossibilitiesBuilder:runnerForClass","org.junit.internal.builders.AllDefaultPossibilitiesBuilder:junit4Builder","0, 255, 64"
"org.junit.internal.runners.JUnit4ClassRunner:methodDescription","org.junit.internal.runners.TestClass:getJavaClass","0, 255, 64"
"org.junit.experimental.theories.internal.AllMembersSupplier:addMultiPointMethods","org.junit.runners.model.FrameworkMethod:getName","0, 255, 64"
"org.junit.runners.BlockJUnit4ClassRunner:runChild","org.junit.runners.BlockJUnit4ClassRunner:methodBlock","0, 255, 64"
"org.junit.internal.runners.JUnit38ClassRunner:run","junit.framework.TestResult:addListener","0, 255, 64"
"org.junit.internal.runners.JUnit4ClassRunner:getDescription","org.junit.internal.runners.JUnit4ClassRunner:classAnnotations","0, 255, 64"
"org.junit.internal.runners.JUnit4ClassRunner:validate","org.junit.internal.runners.MethodValidator:assertValid","0, 255, 64"
"org.junit.internal.TextListener:printFailures","org.junit.internal.TextListener:printFailure","0, 255, 64"
"org.junit.runners.BlockJUnit4ClassRunner:describeChild","org.junit.runners.BlockJUnit4ClassRunner:testName","0, 255, 64"
"org.junit.internal.runners.JUnit4ClassRunner:invokeTestMethod","org.junit.internal.runners.JUnit4ClassRunner:wrapMethod","0, 255, 64"
"org.junit.internal.runners.MethodRoadie:run","org.junit.runner.notification.RunNotifier:fireTestIgnored","0, 255, 64"
"org.junit.internal.runners.TestMethod:isUnexpected","org.junit.internal.runners.TestMethod:getExpectedException","0, 255, 64"
"org.junit.experimental.theories.internal.AllMembersSupplier:addFields","org.junit.experimental.theories.ParameterSignature:canAcceptType","0, 255, 64"
"org.junit.runners.BlockJUnit4ClassRunner:createTest","org.junit.runners.model.TestClass:getOnlyConstructor","0, 255, 64"
"org.junit.runner.JUnitCore:runMainAndExit","org.junit.runner.Result:wasSuccessful","0, 255, 64"
"org.junit.internal.runners.JUnit4ClassRunner:getTestMethods","org.junit.internal.runners.TestClass:getTestMethods","0, 255, 64"
"org.junit.runners.BlockJUnit4ClassRunner:methodBlock","org.junit.runners.BlockJUnit4ClassRunner:methodInvoker","0, 255, 64"
"org.junit.internal.runners.JUnit4ClassRunner:run","org.junit.internal.runners.ClassRoadie:runProtected","0, 255, 64"
"org.junit.internal.runners.ClassRoadie:runAfters","org.junit.internal.runners.ClassRoadie:addFailure","0, 255, 64"
"org.junit.internal.runners.JUnit4ClassRunner:invokeTestMethod","org.junit.internal.runners.JUnit4ClassRunner:methodDescription","0, 255, 64"
"org.junit.runners.BlockJUnit4ClassRunner:describeChild","org.junit.runners.model.TestClass:getJavaClass","0, 255, 64"
"org.junit.experimental.theories.internal.Assignments:getAnnotatedSupplier","org.junit.experimental.theories.ParameterSignature:findDeepAnnotation","0, 255, 64"
"org.junit.internal.matchers.SubstringMatcher:describeTo","org.junit.internal.matchers.SubstringMatcher:relationship","0, 255, 64"
"org.junit.experimental.theories.Theories:validateDataPointFields","org.junit.experimental.theories.Theories:getTestClass","0, 255, 64"
"org.junit.internal.runners.TestClass:getAfters","org.junit.internal.runners.TestClass:getAnnotatedMethods","0, 255, 64"
"org.junit.internal.runners.model.EachTestNotifier:fireTestFinished","org.junit.runner.notification.RunNotifier:fireTestFinished","0, 255, 64"
"org.junit.internal.TextListener:printHeader","org.junit.internal.TextListener:elapsedTimeAsString","0, 255, 64"
"org.junit.internal.runners.MethodRoadie:runWithTimeout","org.junit.internal.runners.MethodRoadie:runBeforesThenTestThenAfters","0, 255, 64"
"junit.framework.JUnit4TestAdapter:isIgnored","org.junit.runner.Description:getAnnotation","0, 255, 64"
"org.junit.runners.ParentRunner:getFilteredChildren","org.junit.runners.ParentRunner:getChildren","0, 255, 64"
"org.junit.runners.BlockJUnit4ClassRunner:runChild","org.junit.internal.runners.model.EachTestNotifier:addFailure","0, 255, 64"
"org.junit.experimental.theories.ParameterSignature:canAcceptArrayType","org.junit.experimental.theories.ParameterSignature:canAcceptType","0, 255, 64"
"org.junit.experimental.theories.ParameterSignature:hasAnnotation","org.junit.experimental.theories.ParameterSignature:getAnnotation","0, 255, 64"
"org.junit.runners.ParentRunner:run","org.junit.runners.ParentRunner:getDescription","0, 255, 64"
"org.junit.experimental.theories.Theories:validateTestMethods","org.junit.runners.model.FrameworkMethod:validatePublicVoid","0, 255, 64"
"org.junit.internal.runners.MethodRoadie:run","org.junit.internal.runners.MethodRoadie:runTest","0, 255, 64"
"org.junit.internal.runners.MethodValidator:validateInstanceMethods","org.junit.internal.runners.TestClass:getAnnotatedMethods","0, 255, 64"
"org.junit.internal.runners.JUnit4ClassRunner:getName","org.junit.internal.runners.JUnit4ClassRunner:getTestClass","0, 255, 64"
"org.junit.internal.runners.ErrorReportingRunner:getCauses","org.junit.internal.runners.InitializationError:getCauses","0, 255, 64"
"org.junit.internal.runners.JUnit4ClassRunner:getDescription","org.junit.internal.runners.JUnit4ClassRunner:methodDescription","0, 255, 64"
"org.junit.runners.BlockJUnit4ClassRunner:validateConstructor","org.junit.runners.BlockJUnit4ClassRunner:validateZeroArgConstructor","0, 255, 64"
"org.junit.internal.runners.ClassRoadie:runProtected","org.junit.internal.runners.ClassRoadie:runUnprotected","0, 255, 64"
"org.junit.runners.ParentRunner:getDescription","org.junit.runners.model.TestClass:getAnnotations","0, 255, 64"
"org.junit.runners.ParentRunner:validatePublicVoidNoArgMethods","org.junit.runners.model.FrameworkMethod:validatePublicVoidNoArg","0, 255, 64"
"org.junit.internal.runners.MethodRoadie:runBefores","org.junit.internal.runners.TestMethod:getBefores","0, 255, 64"
"org.junit.internal.runners.JUnit4ClassRunner:filter","org.junit.internal.runners.JUnit4ClassRunner:methodDescription","0, 255, 64"
"org.junit.internal.runners.MethodRoadie:run","org.junit.runner.notification.RunNotifier:fireTestStarted","0, 255, 64"
"org.junit.runners.ParentRunner:run","org.junit.runners.model.Statement:evaluate","0, 255, 64"
"org.junit.runners.BlockJUnit4ClassRunner:runChild","org.junit.internal.runners.model.EachTestNotifier:addFailedAssumption","0, 255, 64"
"org.junit.internal.runners.ErrorReportingRunner:runCause","org.junit.runner.notification.RunNotifier:fireTestFinished","0, 255, 64"
"org.junit.internal.runners.JUnit4ClassRunner:testAborted","org.junit.runner.notification.RunNotifier:fireTestStarted","0, 255, 64"
"org.junit.internal.runners.statements.ExpectException:evaluate","org.junit.runners.model.Statement:evaluate","0, 255, 64"
"org.junit.internal.runners.MethodRoadie:addFailure","org.junit.runner.notification.RunNotifier:fireTestFailure","0, 255, 64"
"org.junit.runners.BlockJUnit4ClassRunner:hasOneConstructor","org.junit.runners.BlockJUnit4ClassRunner:getTestClass","0, 255, 64"
"org.junit.runners.BlockJUnit4ClassRunner:getChildren","org.junit.runners.BlockJUnit4ClassRunner:computeTestMethods","0, 255, 64"
"org.junit.internal.runners.MethodRoadie:runTestMethod","org.junit.internal.runners.TestMethod:isUnexpected","0, 255, 64"
"org.junit.internal.runners.MethodRoadie:runTestMethod","org.junit.internal.runners.TestMethod:expectsException","0, 255, 64"
"org.junit.runners.ParentRunner:classBlock","org.junit.runners.ParentRunner:childrenInvoker","0, 255, 64"
"org.junit.runners.BlockJUnit4ClassRunner:methodBlock","org.junit.runners.BlockJUnit4ClassRunner:withPotentialTimeout","0, 255, 64"
"org.junit.experimental.results.FailureList:result","org.junit.runner.Result:createListener","0, 255, 64"
"org.junit.internal.runners.MethodValidator:validateTestMethods","org.junit.internal.runners.TestClass:getAnnotatedMethods","0, 255, 64"
"org.junit.experimental.theories.internal.AllMembersSupplier:addMultiPointMethods","org.junit.runners.model.FrameworkMethod:invokeExplosively","0, 255, 64"
"org.junit.runners.BlockJUnit4ClassRunner:runChild","org.junit.runners.model.FrameworkMethod:getAnnotation","0, 255, 64"
"org.junit.runners.model.RunnerBuilder:runners","org.junit.runners.model.RunnerBuilder:removeParent","0, 255, 64"
"org.junit.internal.requests.ClassRequest:getRunner","org.junit.internal.builders.AllDefaultPossibilitiesBuilder:safeRunnerForClass","0, 255, 64"
"org.junit.runners.BlockJUnit4ClassRunner:withPotentialTimeout","org.junit.runners.model.FrameworkMethod:getAnnotation","0, 255, 64"
"org.junit.experimental.theories.internal.AllMembersSupplier:addFields","org.junit.runners.model.TestClass:getJavaClass","0, 255, 64"
"org.junit.runners.BlockJUnit4ClassRunner:collectInitializationErrors","org.junit.runners.BlockJUnit4ClassRunner:validateInstanceMethods","0, 255, 64"
"org.junit.experimental.results.PrintableResult:getFailures","org.junit.runner.Result:getFailures","0, 255, 64"
"org.junit.experimental.theories.internal.Assignments:potentialsForNextUnassigned","org.junit.experimental.theories.internal.Assignments:getSupplier","0, 255, 64"
"org.junit.internal.runners.JUnit4ClassRunner:run","org.junit.internal.runners.JUnit4ClassRunner:getDescription","0, 255, 64"
"org.junit.internal.runners.MethodRoadie:runAfters","org.junit.internal.runners.MethodRoadie:addFailure","0, 255, 64"
"org.junit.runners.BlockJUnit4ClassRunner:makeNotifier","org.junit.runners.BlockJUnit4ClassRunner:describeChild","0, 255, 64"
"org.junit.internal.runners.statements.RunBefores:evaluate","org.junit.runners.model.Statement:evaluate","0, 255, 64"
"org.junit.internal.runners.statements.InvokeMethod:evaluate","org.junit.runners.model.FrameworkMethod:invokeExplosively","0, 255, 64"
"org.junit.internal.runners.ClassRoadie:addFailure","org.junit.runner.notification.RunNotifier:fireTestFailure","0, 255, 64"
"org.junit.internal.runners.JUnit4ClassRunner:classAnnotations","org.junit.internal.runners.TestClass:getJavaClass","0, 255, 64"
"org.junit.internal.runners.MethodRoadie:runAfters","org.junit.internal.runners.TestMethod:getAfters","0, 255, 64"
"org.junit.internal.builders.AnnotatedBuilder:runnerForClass","org.junit.internal.builders.AnnotatedBuilder:buildRunner","0, 255, 64"
"org.junit.experimental.theories.internal.Assignments:potentialsForNextUnassigned","org.junit.experimental.theories.ParameterSupplier:getValueSources","0, 255, 64"
"org.junit.internal.runners.MethodRoadie:runTest","org.junit.internal.runners.MethodRoadie:runBeforesThenTestThenAfters","0, 255, 64"
"org.junit.internal.runners.JUnit4ClassRunner:getName","org.junit.internal.runners.TestClass:getName","0, 255, 64"
"org.junit.internal.runners.MethodRoadie:runTestMethod","org.junit.internal.runners.MethodRoadie:addFailure","0, 255, 64"
"org.junit.runners.Parameterized:getParametersMethod","org.junit.runners.model.TestClass:getAnnotatedMethods","0, 255, 64"
"org.junit.experimental.theories.internal.ParameterizedAssertionError:equals","org.junit.experimental.theories.internal.ParameterizedAssertionError:toString","0, 255, 64"
"org.junit.internal.runners.JUnit38ClassRunner:makeDescription","org.junit.runner.Description:addChild","0, 255, 64"
"org.junit.runners.model.TestClass:addToAnnotationLists","org.junit.runners.model.TestClass:computeAnnotations","0, 255, 64"
"org.junit.internal.runners.model.ReflectiveCallable:run","org.junit.internal.runners.model.ReflectiveCallable:runReflectiveCall","0, 255, 64"
"org.junit.internal.runners.JUnit4ClassRunner:getDescription","org.junit.internal.runners.JUnit4ClassRunner:getName","0, 255, 64"
"org.junit.internal.matchers.SubstringMatcher:matchesSafely","org.junit.internal.matchers.SubstringMatcher:evalSubstringOf","0, 255, 64"
"org.junit.internal.runners.JUnit4ClassRunner:invokeTestMethod","org.junit.internal.runners.MethodRoadie:run","0, 255, 64"
"org.junit.experimental.results.PrintableResult:toString","org.junit.internal.TextListener:testRunFinished","0, 255, 64"
"org.junit.experimental.theories.internal.Assignments:allUnassigned","org.junit.runners.model.TestClass:getOnlyConstructor","0, 255, 64"
"org.junit.internal.runners.JUnit4ClassRunner:testAborted","org.junit.runner.notification.RunNotifier:fireTestFailure","0, 255, 64"
"org.junit.runners.ParentRunner:run","org.junit.internal.runners.model.EachTestNotifier:fireTestIgnored","0, 255, 64"
"org.junit.internal.builders.AllDefaultPossibilitiesBuilder:runnerForClass","org.junit.internal.builders.AllDefaultPossibilitiesBuilder:junit3Builder","0, 255, 64"
"org.junit.runners.BlockJUnit4ClassRunner:withBefores","org.junit.runners.BlockJUnit4ClassRunner:getTestClass","0, 255, 64"
"org.junit.experimental.theories.internal.AllMembersSupplier:addFields","org.junit.experimental.theories.ParameterSignature:canAcceptArrayType","0, 255, 64"
"org.junit.internal.builders.IgnoredClassRunner:run","org.junit.runner.notification.RunNotifier:fireTestIgnored","0, 255, 64"
"org.junit.internal.runners.ErrorReportingRunner:runCause","org.junit.runner.notification.RunNotifier:fireTestFailure","0, 255, 64"
"org.junit.runners.BlockJUnit4ClassRunner:validateZeroArgConstructor","org.junit.runners.BlockJUnit4ClassRunner:getTestClass","0, 255, 64"
"org.junit.runners.model.TestClass:addToAnnotationList","org.junit.runners.model.FrameworkMethod:isShadowedBy","0, 255, 64"
"org.junit.runners.Suite:runChild","org.junit.runner.Runner:run","0, 255, 64"
"org.junit.experimental.theories.ParameterSignature:getAnnotation","org.junit.experimental.theories.ParameterSignature:getAnnotations","0, 255, 64"
"org.junit.runners.BlockJUnit4ClassRunner:validateInstanceMethods","org.junit.runners.BlockJUnit4ClassRunner:validatePublicVoidNoArgMethods","0, 255, 64"
"org.junit.experimental.theories.Theories:validateDataPointFields","org.junit.runners.model.TestClass:getJavaClass","0, 255, 64"
"org.junit.internal.runners.TestClass:getBefores","org.junit.internal.runners.TestClass:getAnnotatedMethods","0, 255, 64"
"org.junit.runners.BlockJUnit4ClassRunner:methodBlock","org.junit.runners.BlockJUnit4ClassRunner:withBefores","0, 255, 64"
"junit.framework.JUnit4TestAdapter:removeIgnored","org.junit.runner.Description:childlessCopy","0, 255, 64"
"org.junit.experimental.results.FailureList:result","org.junit.runner.notification.RunListener:testFailure","0, 255, 64"
"org.junit.experimental.theories.suppliers.TestedOnSupplier:getValueSources","org.junit.experimental.theories.ParameterSignature:getAnnotation","0, 255, 64"
"org.junit.runners.ParentRunner:shouldRun","org.junit.runners.ParentRunner:describeChild","0, 255, 64"
"org.junit.experimental.theories.internal.Assignments:getConstructorParameterCount","org.junit.runners.model.TestClass:getOnlyConstructor","0, 255, 64"
"org.junit.runner.Description:isEmpty","org.junit.runner.Description:equals","0, 255, 64"
"org.junit.internal.runners.MethodRoadie:runTestMethod","org.junit.internal.runners.TestMethod:getExpectedException","0, 255, 64"
"org.junit.internal.runners.model.EachTestNotifier:fireTestStarted","org.junit.runner.notification.RunNotifier:fireTestStarted","0, 255, 64"
"org.junit.runners.ParentRunner:validatePublicVoidNoArgMethods","org.junit.runners.ParentRunner:getTestClass","0, 255, 64"
"org.junit.internal.runners.ErrorReportingRunner:runCause","org.junit.runner.notification.RunNotifier:fireTestStarted","0, 255, 64"
"org.junit.internal.runners.JUnit4ClassRunner:methodDescription","org.junit.internal.runners.JUnit4ClassRunner:getTestClass","0, 255, 64"
"org.junit.internal.runners.statements.RunBefores:evaluate","org.junit.runners.model.FrameworkMethod:invokeExplosively","0, 255, 64"
"org.junit.internal.builders.AllDefaultPossibilitiesBuilder:runnerForClass","org.junit.internal.builders.AllDefaultPossibilitiesBuilder:annotatedBuilder","0, 255, 64"
"org.junit.internal.runners.TestMethod:getAfters","org.junit.internal.runners.TestClass:getAnnotatedMethods","0, 255, 64"
"org.junit.internal.TextListener:printFooter","org.junit.runner.Result:getFailureCount","0, 255, 64"
"org.junit.runners.ParentRunner:runChildren","org.junit.runners.ParentRunner:runChild","0, 255, 64"
"org.junit.runners.BlockJUnit4ClassRunner:describeChild","org.junit.runners.model.FrameworkMethod:getAnnotations","0, 255, 64"
"org.junit.runners.BlockJUnit4ClassRunner:methodBlock","org.junit.runners.BlockJUnit4ClassRunner:withAfters","0, 255, 64"
"org.junit.internal.runners.JUnit4ClassRunner:runMethods","org.junit.internal.runners.JUnit4ClassRunner:invokeTestMethod","0, 255, 64"
"org.junit.runners.ParentRunner:filter","org.junit.runners.ParentRunner:getChildren","0, 255, 64"
"org.junit.runners.model.RunnerBuilder:runners","org.junit.runners.model.RunnerBuilder:safeRunnerForClass","0, 255, 64"
"org.junit.runners.BlockJUnit4ClassRunner:describeChild","org.junit.runners.BlockJUnit4ClassRunner:getTestClass","0, 255, 64"
"org.junit.internal.runners.MethodRoadie:runTestMethod","org.junit.internal.runners.TestMethod:invoke","0, 255, 64"
"org.junit.runners.BlockJUnit4ClassRunner:runChild","org.junit.internal.runners.model.EachTestNotifier:fireTestFinished","0, 255, 64"
"org.junit.runners.ParentRunner:validate","org.junit.runners.ParentRunner:collectInitializationErrors","0, 255, 64"
"org.junit.experimental.theories.internal.Assignments:getArgumentStrings","org.junit.experimental.theories.PotentialAssignment:getDescription","0, 255, 64"
"org.junit.runners.model.TestClass:computeAnnotations","org.junit.runners.model.FrameworkMethod:getAnnotations","0, 255, 64"
"org.junit.internal.runners.JUnit4ClassRunner:filter","org.junit.runner.manipulation.Filter:shouldRun","0, 255, 64"
"org.junit.runners.BlockJUnit4ClassRunner:withAfters","org.junit.runners.BlockJUnit4ClassRunner:getTestClass","0, 255, 64"
"org.junit.internal.runners.JUnit4ClassRunner:methodDescription","org.junit.internal.runners.JUnit4ClassRunner:testAnnotations","0, 255, 64"
"org.junit.runners.ParentRunner:shouldRun","org.junit.runner.manipulation.Filter:shouldRun","0, 255, 64"
"org.junit.runners.ParentRunner:withBeforeClasses","org.junit.runners.model.TestClass:getAnnotatedMethods","0, 255, 64"
"org.junit.experimental.theories.Theories:computeTestMethods","org.junit.experimental.theories.Theories:getTestClass","0, 255, 64"
"org.junit.internal.runners.MethodRoadie:runBefores","org.junit.internal.runners.MethodRoadie:addFailure","0, 255, 64"
"org.junit.internal.runners.MethodValidator:validateNoArgConstructor","org.junit.internal.runners.TestClass:getConstructor","0, 255, 64"
"org.junit.runners.BlockJUnit4ClassRunner:testName","org.junit.runners.model.FrameworkMethod:getName","0, 255, 64"
"org.junit.internal.TextListener:printFailure","org.junit.runner.notification.Failure:getTestHeader","0, 255, 64"
"org.junit.runners.ParentRunner:withAfterClasses","org.junit.runners.model.TestClass:getAnnotatedMethods","0, 255, 64"
"org.junit.runners.model.FrameworkMethod:isShadowedBy","org.junit.runners.model.FrameworkMethod:getName","0, 255, 64"
"org.junit.runners.Parameterized:getParametersMethod","org.junit.runners.model.TestClass:getName","0, 255, 64"
"org.junit.internal.builders.JUnit3Builder:runnerForClass","org.junit.internal.builders.JUnit3Builder:isPre4Test","0, 255, 64"
"junit.framework.JUnit4TestAdapter:sort","org.junit.runner.manipulation.Sorter:apply","0, 255, 64"
"org.junit.internal.runners.JUnit38ClassRunner:makeDescription","junit.extensions.TestDecorator:getTest","0, 255, 64"
"org.junit.experimental.theories.Theories:computeTestMethods","org.junit.runners.model.TestClass:getAnnotatedMethods","0, 255, 64"
"org.junit.internal.runners.MethodRoadie:run","org.junit.internal.runners.TestMethod:isIgnored","0, 255, 64"
"org.junit.runners.BlockJUnit4ClassRunner:hasOneConstructor","org.junit.runners.model.TestClass:getJavaClass","0, 255, 64"
"org.junit.internal.runners.model.EachTestNotifier:addFailure","org.junit.internal.runners.model.MultipleFailureException:getFailures","0, 255, 64"
"org.junit.runners.ParentRunner:classBlock","org.junit.runners.ParentRunner:withAfterClasses","0, 255, 64"
"org.junit.internal.runners.JUnit38ClassRunner:makeDescription","junit.framework.TestSuite:testAt","0, 255, 64"
"org.junit.runners.BlockJUnit4ClassRunner:withBefores","org.junit.runners.model.TestClass:getAnnotatedMethods","0, 255, 64"
"org.junit.runners.Parameterized:getParametersMethod","org.junit.runners.model.FrameworkMethod:getMethod","0, 255, 64"
"org.junit.internal.builders.AllDefaultPossibilitiesBuilder:runnerForClass","org.junit.runners.model.RunnerBuilder:safeRunnerForClass","0, 255, 64"
"org.junit.runners.BlockJUnit4ClassRunner:withAfters","org.junit.runners.model.TestClass:getAnnotatedMethods","0, 255, 64"
"org.junit.experimental.theories.internal.Assignments:getMethodArguments","org.junit.experimental.theories.internal.Assignments:getActualValues","0, 255, 64"
"org.junit.runners.Parameterized:getParametersList","org.junit.runners.model.FrameworkMethod:invokeExplosively","0, 255, 64"
"org.junit.runners.BlockJUnit4ClassRunner:createTest","org.junit.runners.BlockJUnit4ClassRunner:getTestClass","0, 255, 64"
"org.junit.runners.ParentRunner:getDescription","org.junit.runners.ParentRunner:describeChild","0, 255, 64"
"org.junit.runners.ParentRunner:getName","org.junit.runners.model.TestClass:getName","0, 255, 64"
"org.junit.internal.runners.TestMethod:expectsException","org.junit.internal.runners.TestMethod:getExpectedException","0, 255, 64"
"org.junit.internal.runners.JUnit38ClassRunner:makeDescription","junit.framework.TestSuite:getName","0, 255, 64"
"org.junit.internal.runners.TestClass:getTestMethods","org.junit.internal.runners.TestClass:getAnnotatedMethods","0, 255, 64"
"org.junit.internal.runners.TestMethod:getBefores","org.junit.internal.runners.TestClass:getAnnotatedMethods","0, 255, 64"
"org.junit.internal.runners.JUnit38ClassRunner:makeDescription","junit.framework.TestCase:getName","0, 255, 64"
"org.junit.internal.runners.MethodRoadie:run","org.junit.internal.runners.TestMethod:getTimeout","0, 255, 64"
"org.junit.internal.runners.JUnit4ClassRunner:methodDescription","org.junit.internal.runners.JUnit4ClassRunner:testName","0, 255, 64"
"org.junit.runners.BlockJUnit4ClassRunner:computeTestMethods","org.junit.runners.BlockJUnit4ClassRunner:getTestClass","0, 255, 64"
"org.junit.internal.TextListener:printFooter","org.junit.runner.Result:getRunCount","0, 255, 64"
"org.junit.runners.ParentRunner:validatePublicVoidNoArgMethods","org.junit.runners.model.TestClass:getAnnotatedMethods","0, 255, 64"
"org.junit.internal.builders.AllDefaultPossibilitiesBuilder:runnerForClass","org.junit.internal.builders.AllDefaultPossibilitiesBuilder:ignoredBuilder","0, 255, 64"
"org.junit.internal.runners.ErrorReportingRunner:getDescription","org.junit.runner.Description:addChild","0, 255, 64"
"org.junit.runners.BlockJUnit4ClassRunner:methodBlock","org.junit.runners.BlockJUnit4ClassRunner:possiblyExpectingExceptions","0, 255, 64"
"org.junit.internal.TextListener:testRunFinished","org.junit.internal.TextListener:printFailures","0, 255, 64"
"org.junit.internal.runners.JUnit4ClassRunner:validate","org.junit.internal.runners.MethodValidator:validateMethodsForDefaultRunner","0, 255, 64"
"org.junit.runners.ParentRunner:run","org.junit.runners.ParentRunner:classBlock","0, 255, 64"
"org.junit.internal.runners.ClassRoadie:runBefores","org.junit.internal.runners.TestClass:getBefores","0, 255, 64"
"org.junit.internal.runners.ClassRoadie:runBefores","org.junit.internal.runners.ClassRoadie:addFailure","0, 255, 64"
"org.junit.runners.BlockJUnit4ClassRunner:validateInstanceMethods","org.junit.runners.BlockJUnit4ClassRunner:computeTestMethods","0, 255, 64"
"org.junit.experimental.theories.internal.AllMembersSupplier:addSinglePointMethods","org.junit.runners.model.FrameworkMethod:producesType","0, 255, 64"
"org.junit.experimental.theories.internal.Assignments:getAllArguments","org.junit.experimental.theories.internal.Assignments:getActualValues","0, 255, 64"
"org.junit.runners.ParentRunner:getDescription","org.junit.runner.Description:addChild","0, 255, 64"
"org.junit.experimental.theories.internal.AllMembersSupplier:addSinglePointMethods","org.junit.runners.model.TestClass:getAnnotatedMethods","0, 255, 64"
"org.junit.runners.model.TestClass:addToAnnotationList","org.junit.runners.model.TestClass:getAnnotatedMethods","0, 255, 64"
"org.junit.internal.runners.ClassRoadie:runAfters","org.junit.internal.runners.TestClass:getAfters","0, 255, 64"
"org.junit.experimental.theories.Theories:validateTestMethods","org.junit.experimental.theories.Theories:computeTestMethods","0, 255, 64"
"org.junit.runners.ParentRunner:classBlock","org.junit.runners.ParentRunner:withBeforeClasses","0, 255, 64"
"org.junit.internal.runners.statements.RunAfters:evaluate","org.junit.runners.model.Statement:evaluate","0, 255, 64"
"org.junit.internal.TextListener:testRunFinished","org.junit.internal.TextListener:printHeader","0, 255, 64"
"org.junit.internal.runners.ErrorReportingRunner:getCauses","org.junit.runners.model.InitializationError:getCauses","0, 255, 64"
"org.junit.runners.ParentRunner:run","org.junit.internal.runners.model.EachTestNotifier:addFailure","0, 255, 64"
"org.junit.internal.runners.JUnit4ClassRunner:createTest","org.junit.internal.runners.JUnit4ClassRunner:getTestClass","0, 255, 64"
"org.junit.runners.BlockJUnit4ClassRunner:possiblyExpectingExceptions","org.junit.runners.model.FrameworkMethod:getAnnotation","0, 255, 64"
"junit.framework.JUnit4TestAdapter:removeIgnored","org.junit.runner.Description:getChildren","0, 255, 64"
"org.junit.experimental.theories.internal.Assignments:getSupplier","org.junit.experimental.theories.internal.Assignments:getAnnotatedSupplier","0, 255, 64"
"org.junit.experimental.theories.internal.AllMembersSupplier:addSinglePointMethods","org.junit.experimental.theories.ParameterSignature:getType","0, 255, 64"
"org.junit.runners.model.RunnerBuilder:runners","org.junit.runners.model.RunnerBuilder:addParent","0, 255, 64"
"junit.framework.JUnit4TestAdapter:removeIgnored","org.junit.runner.Description:addChild","0, 255, 64"
"org.junit.runners.ParentRunner:filterChild","org.junit.runner.manipulation.Filter:apply","0, 255, 64"
"junit.framework.JUnit4TestAdapter:removeIgnored","org.junit.runner.Description:isEmpty","0, 255, 64"
"junit.framework.JUnit4TestAdapter:filter","org.junit.runner.manipulation.Filter:apply","0, 255, 64"
"org.junit.internal.runners.JUnit4ClassRunner:invokeTestMethod","org.junit.internal.runners.JUnit4ClassRunner:createTest","0, 255, 64"
"org.junit.internal.Text